{

  "pathogen32-cmp-gene": {   
    "rcgn_old":{
        "layer_0": 32,
        "layer_1": 8, 
        "layer_2": 32,
        "grad_norm": 4.81676751697978,
        "num_bases": 20,
        "model_name": "rgcn",
        "learning_rate": 0.000479221480587765,
        "mlp_out_layer": 16,
        "conv_layer_num": 2,
        "regularization": 1.5994591918278636e-05
      },
      "rgcn":{
      "layer_0": 32, 
      "layer_1": 16, 
      "layer_2": 8, 
      "grad_norm": 2.664619057620471, 
      "num_bases": 30, 
      "model_name": "rgcn", 
      "learning_rate": 0.0001636437697721685,
       "mlp_out_layer": 32, 
      "conv_layer_num": 3, 
      "regularization": 0.0024514218302963153
    },
  

    "rgat": {},

    "compgcn": {
      "conv_layer_num": 3,
      "dropout": 0.49576013566205784,
      "layer_0": 8,
      "layer_1": 32,
      "layer_2": 64,
      "mlp_out_layer": 32,
      "learning_rate": 0.00019390873242212473,
      "opn": "sub",
      "grad_norm": 1.056740604005027,
      "regularization": 0.0017364783276804412
    }

  },

  "pathogen32-cmp-gene-neg-fix": {
    "rgcn": {
      "conv_layer_num": 3,
      "layer_0": 16, 
      "layer_1": 16, 
      "layer_2": 16, 
      "grad_norm": 1.2359459626710445, 
      "num_bases": 10, 
      "model_name": "rgcn", 
      "learning_rate": 0.001188640830583205,
       "mlp_out_layer": 32, 
      "regularization": 0.00000177100087697881
    },
    "rgat": {},
    
    "compgcn": {
      "conv_layer_num": 3,
      "dropout": 0.2334615069280862,
      "layer_0": 64,
      "layer_1": 16,
      "layer_2": 8,
      "mlp_out_layer": 16,
      "learning_rate": 0.0003988884413382042,
      "opn": "corr",
      "grad_norm": 0.5946306481700605,
      "regularization": 0.000280785439553541
    }
  },

  "BIOKG-200":{
    "_comment": "Parametri calibrati per KG biomedici su scala DRKG (~47K-97K nodi, ~4-6M triple). Basati su: CompGCN paper (Vashishth 2020), DRKG official (TransE dim=400), letteratura drug repurposing. I parametri PathogenKG originali sono mantenuti sotto 'pathogen32-cmp-gene'.",

        "rgcn": {
            "conv_layer_num": 2,
            "layer_0": 200,
            "layer_1": 200,
            "mlp_out_layer": 200,
            "learning_rate": 0.001,
            "num_bases": 30,
            "grad_norm": 1.0,
            "regularization": 0.00001
        },
        "rgat": {
            "conv_layer_num": 2,
            "layer_0": 200,
            "layer_1": 200,
            "mlp_out_layer": 200,
            "learning_rate": 0.001,
            "num_bases": 30,
            "grad_norm": 1.0,
            "regularization": 0.00001
        },
        "compgcn": {
            "conv_layer_num": 2,
            "dropout": 0.3,
            "layer_0": 200,
            "layer_1": 200,
            "mlp_out_layer": 200,
            "learning_rate": 0.001,
            "opn": "sub",
            "grad_norm": 1.0,
            "regularization": 0.00001
        }
    
},

  "BIOKG-128":{
    "_comment": "Parametri calibrati per KG biomedici su scala DRKG (~47K-97K nodi, ~4-6M triple). Basati su: CompGCN paper (Vashishth 2020), DRKG official (TransE dim=400), letteratura drug repurposing. I parametri PathogenKG originali sono mantenuti sotto 'pathogen32-cmp-gene'.",

        "rgcn": {
            "conv_layer_num": 2,
            "layer_0": 128,
            "layer_1": 128,
            "mlp_out_layer": 128,
            "learning_rate": 0.001,
            "num_bases": 30,
            "grad_norm": 1.0,
            "regularization": 0.00001
        },
        "rgat": {
            "conv_layer_num": 2,
            "layer_0": 128,
            "layer_1": 128,
            "mlp_out_layer": 128,
            "learning_rate": 0.001,
            "num_bases": 30,
            "grad_norm": 1.0,
            "regularization": 0.00001
        },
        "compgcn": {
            "conv_layer_num": 2,
            "dropout": 0.3,
            "layer_0": 128,
            "layer_1": 128,
            "mlp_out_layer": 128,
            "learning_rate": 0.001,
            "opn": "sub",
            "grad_norm": 1.0,
            "regularization": 0.00001
        }
    
},

  "BIOKG-64":{
    "_comment": "Parametri calibrati per KG biomedici su scala DRKG (~47K-97K nodi, ~4-6M triple). Basati su: CompGCN paper (Vashishth 2020), DRKG official (TransE dim=400), letteratura drug repurposing. I parametri PathogenKG originali sono mantenuti sotto 'pathogen32-cmp-gene'.",

        "rgcn": {
            "conv_layer_num": 2,
            "layer_0": 64,
            "layer_1": 64,
            "mlp_out_layer": 64,
            "learning_rate": 0.001,
            "num_bases": 30,
            "grad_norm": 1.0,
            "regularization": 0.00001
        },
        "rgat": {
            "conv_layer_num": 2,
            "layer_0": 64,
            "layer_1": 64,
            "mlp_out_layer": 64,
            "learning_rate": 0.001,
            "num_bases": 30,
            "grad_norm": 1.0,
            "regularization": 0.00001
        },
        "compgcn": {
            "conv_layer_num": 2,
            "dropout": 0.3,
            "layer_0": 64,
            "layer_1": 64,
            "mlp_out_layer": 64,
            "learning_rate": 0.001,
            "opn": "sub",
            "grad_norm": 1.0,
            "regularization": 0.00001
        }
    
},

  "default": {
    "rgcn": {
      "conv_layer_num":3,
      "layer_0":16,
      "layer_1":64,
      "layer_2":64,
      "mlp_out_layer":8,
      "learning_rate":0.01,
      "num_bases":50,
      "grad_norm":0.6,
      "regularization":0.008
    },
    "rgat": {
      "conv_layer_num":1,
      "layer_0":10,
      "layer_1":5,
      "mlp_out_layer":40,
      "learning_rate":0.01,
      "num_bases":16,
      "grad_norm":1,
      "regularization":0.01
    },
    "compgcn": {
      "conv_layer_num":3,
      "dropout":0.6,
      "layer_0":16,
      "layer_1":32,
      "layer_2":8,
      "mlp_out_layer":16,
      "learning_rate":0.02,
      "opn":"corr",
      "grad_norm":0.9,
      "regularization":9e-05
    }
  },

  "DRKG-reduced": {
    "rgcn": {
      "conv_layer_num":3,
      "layer_0":16,
      "layer_1":64,
      "layer_2":64,
      "mlp_out_layer":8,
      "learning_rate":0.01,
      "num_bases":50,
      "grad_norm":0.6,
      "regularization":0.008
    },
    "rgat": {
      "conv_layer_num":1,
      "layer_0":10,
      "layer_1":5,
      "mlp_out_layer":40,
      "learning_rate":0.01,
      "num_bases":16,
      "grad_norm":1,
      "regularization":0.01
    },
    "compgcn": {
      "conv_layer_num":3,
      "dropout":0.6,
      "layer_0":16,
      "layer_1":32,
      "layer_2":8,
      "mlp_out_layer":16,
      "learning_rate":0.02,
      "opn":"corr",
      "grad_norm":0.9,
      "regularization":9e-05
    }
  },

  "DRKG-legacy": {
    "rgcn": {
      "conv_layer_num":3,
      "layer_0":16,
      "layer_1":64,
      "layer_2":64,
      "mlp_out_layer":8,
      "learning_rate":0.01,
      "num_bases":50,
      "grad_norm":0.6,
      "regularization":0.008
    },
    "rgat": {
      "conv_layer_num":1,
      "layer_0":10,
      "layer_1":5,
      "mlp_out_layer":40,
      "learning_rate":0.01,
      "num_bases":16,
      "grad_norm":1,
      "regularization":0.01
    },
    "compgcn": {
      "conv_layer_num":3,
      "dropout":0.6,
      "layer_0":16,
      "layer_1":32,
      "layer_2":8,
      "mlp_out_layer":16,
      "learning_rate":0.02,
      "opn":"corr",
      "grad_norm":0.9,
      "regularization":9e-05
    }
  }


}